{
  "__class__": "MachineIPMSM",
  "__save_date__": "2022_05_09 04h39min40s ",
  "__version__": "pyleecan_1.3.7",
  "desc": "",
  "frame": null,
  "logger_name": "Pyleecan.Machine",
  "name": "Toyota Prius 2004",
  "rotor": {
    "Kf1": 0.95,
    "L1": 0.08381999999999999,
    "Nrvd": 0,
    "Rext": 0.08020000000000001,
    "Rint": 0.05532,
    "Wrvd": 0,
    "__class__": "LamHole",
    "axial_vent": [],
    "bore": null,
    "hole": [
      {
        "Alpha0": 0,
        "H0": 0.010960000000000001,
        "H1": 0.0015,
        "H2": 0.001,
        "H3": 0.006500000000000001,
        "H4": 0,
        "W0": 0.042,
        "W1": 0,
        "W2": 0,
        "W3": 0.014,
        "W4": 0.0189,
        "Zh": 8,
        "__class__": "HoleM50",
        "magnet_0": {
          "Lmag": 0.95,
          "__class__": "Magnet",
          "mat_type": {
            "HT": {
              "Cp": 1,
              "__class__": "MatHT",
              "alpha": 0.00393,
              "lambda_x": 1,
              "lambda_y": 1,
              "lambda_z": 1
            },
            "__class__": "Material",
            "desc": "Material description",
            "eco": {
              "__class__": "MatEconomical",
              "cost_unit": 0.127,
              "unit_name": "$"
            },
            "elec": {
              "__class__": "MatElectrical",
              "alpha": 1,
              "epsr": 1,
              "rho": 1.6e-06
            },
            "is_isotropic": false,
            "mag": {
              "BH_curve": {
                "__class__": "ImportMatrix",
                "is_transpose": false
              },
              "Brm20": 1.24,
              "Hc": 902181.163126629,
              "LossData": {
                "__class__": "ImportMatrix",
                "is_transpose": false
              },
              "ModelBH": {
                "Bmax": 2.31,
                "Hmax": null,
                "__class__": "ModelBH",
                "delta": 100
              },
              "Wlam": 0,
              "__class__": "MatMagnetics",
              "alpha_Br": -0.001,
              "is_BH_extrapolate": false,
              "mur_lin": 1.05
            },
            "name": "Magnet_prius",
            "path": "",
            "struct": {
              "Ex": 215000000000.0,
              "Ey": 215000000000.0,
              "Ez": 80000000000,
              "Gxy": 0,
              "Gxz": 2000000000,
              "Gyz": 2000000000,
              "__class__": "MatStructural",
              "nu_xy": 0.3,
              "nu_xz": 0.03,
              "nu_yz": 0.03,
              "rho": 7500.0
            }
          },
          "type_magnetization": 1
        },
        "magnet_1": {
          "Lmag": 0.95,
          "__class__": "Magnet",
          "mat_type": {
            "HT": {
              "Cp": 1,
              "__class__": "MatHT",
              "alpha": 0.00393,
              "lambda_x": 1,
              "lambda_y": 1,
              "lambda_z": 1
            },
            "__class__": "Material",
            "desc": "Material description",
            "eco": {
              "__class__": "MatEconomical",
              "cost_unit": 0.127,
              "unit_name": "$"
            },
            "elec": {
              "__class__": "MatElectrical",
              "alpha": 1,
              "epsr": 1,
              "rho": 1.6e-06
            },
            "is_isotropic": false,
            "mag": {
              "BH_curve": {
                "__class__": "ImportMatrix",
                "is_transpose": false
              },
              "Brm20": 1.24,
              "Hc": 902181.163126629,
              "LossData": {
                "__class__": "ImportMatrix",
                "is_transpose": false
              },
              "ModelBH": {
                "Bmax": 2.31,
                "Hmax": null,
                "__class__": "ModelBH",
                "delta": 100
              },
              "Wlam": 0,
              "__class__": "MatMagnetics",
              "alpha_Br": -0.001,
              "is_BH_extrapolate": false,
              "mur_lin": 1.05
            },
            "name": "Magnet_prius",
            "path": "",
            "struct": {
              "Ex": 215000000000.0,
              "Ey": 215000000000.0,
              "Ez": 80000000000,
              "Gxy": 0,
              "Gxz": 2000000000,
              "Gyz": 2000000000,
              "__class__": "MatStructural",
              "nu_xy": 0.3,
              "nu_xz": 0.03,
              "nu_yz": 0.03,
              "rho": 7500.0
            }
          },
          "type_magnetization": 1
        },
        "magnetization_dict_offset": null,
        "mat_void": {
          "HT": {
            "Cp": 1,
            "__class__": "MatHT",
            "alpha": 0.00393,
            "lambda_x": 1,
            "lambda_y": 1,
            "lambda_z": 1
          },
          "__class__": "Material",
          "desc": "Material description",
          "eco": {
            "__class__": "MatEconomical",
            "cost_unit": 0.127,
            "unit_name": "$"
          },
          "elec": {
            "__class__": "MatElectrical",
            "alpha": 1,
            "epsr": 1,
            "rho": 1
          },
          "is_isotropic": false,
          "mag": {
            "BH_curve": {
              "__class__": "ImportMatrix",
              "is_transpose": false
            },
            "Brm20": 0,
            "Hc": 0,
            "LossData": {
              "__class__": "ImportMatrix",
              "is_transpose": false
            },
            "ModelBH": {
              "Bmax": 2.31,
              "Hmax": null,
              "__class__": "ModelBH",
              "delta": 100
            },
            "Wlam": 0,
            "__class__": "MatMagnetics",
            "alpha_Br": 0,
            "is_BH_extrapolate": false,
            "mur_lin": 1
          },
          "name": "Material",
          "path": "",
          "struct": {
            "Ex": 215000000000.0,
            "Ey": 215000000000.0,
            "Ez": 80000000000,
            "Gxy": 0,
            "Gxz": 2000000000,
            "Gyz": 2000000000,
            "__class__": "MatStructural",
            "nu_xy": 0.3,
            "nu_xz": 0.03,
            "nu_yz": 0.03,
            "rho": 7650
          }
        }
      }
    ],
    "is_internal": true,
    "is_stator": false,
    "mat_type": {
      "HT": {
        "Cp": 1,
        "__class__": "MatHT",
        "alpha": 0.00393,
        "lambda_x": 1,
        "lambda_y": 1,
        "lambda_z": 1
      },
      "__class__": "Material",
      "desc": "Lamination M400-50A",
      "eco": {
        "__class__": "MatEconomical",
        "cost_unit": 0.127,
        "unit_name": "$"
      },
      "elec": {
        "__class__": "MatElectrical",
        "alpha": 1,
        "epsr": 1,
        "rho": 1
      },
      "is_isotropic": false,
      "mag": {
        "BH_curve": {
          "__class__": "ImportMatrixVal",
          "is_transpose": false,
          "value": [
            [
              0.0,
              0.0
            ],
            [
              100.0,
              0.5
            ],
            [
              150.0,
              0.7
            ],
            [
              180.0,
              0.8
            ],
            [
              200.0,
              0.9
            ],
            [
              250.0,
              1.0
            ],
            [
              300.0,
              1.05
            ],
            [
              350.0,
              1.1
            ],
            [
              450.0,
              1.15
            ],
            [
              550.0,
              1.2
            ],
            [
              650.0,
              1.225
            ],
            [
              750.0,
              1.25
            ],
            [
              850.0,
              1.275
            ],
            [
              950.0,
              1.3
            ],
            [
              1100.0,
              1.325
            ],
            [
              1250.0,
              1.35
            ],
            [
              1400.0,
              1.375
            ],
            [
              1550.0,
              1.4
            ],
            [
              1700.0,
              1.425
            ],
            [
              1900.0,
              1.45
            ],
            [
              2150.0,
              1.475
            ],
            [
              2450.0,
              1.5
            ],
            [
              2750.0,
              1.525
            ],
            [
              3150.0,
              1.55
            ],
            [
              3600.0,
              1.575
            ],
            [
              4100.0,
              1.6
            ],
            [
              4700.0,
              1.625
            ],
            [
              5250.0,
              1.65
            ],
            [
              6000.0,
              1.675
            ],
            [
              6700.0,
              1.7
            ],
            [
              7500.0,
              1.725
            ],
            [
              8650.0,
              1.75
            ],
            [
              9500.0,
              1.775
            ],
            [
              10750.0,
              1.8
            ],
            [
              14500.0,
              1.85
            ],
            [
              19500.0,
              1.9
            ],
            [
              25000.0,
              1.95
            ],
            [
              33000.0,
              2.0
            ],
            [
              44000.0,
              2.05
            ],
            [
              57000.0,
              2.1
            ],
            [
              74000.0,
              2.15
            ],
            [
              96000.0,
              2.2
            ],
            [
              130000.0,
              2.25
            ],
            [
              170000.0,
              2.3
            ]
          ]
        },
        "Brm20": 0,
        "Hc": 0,
        "LossData": {
          "__class__": "ImportMatrix",
          "is_transpose": false
        },
        "ModelBH": {
          "Bmax": 2.31,
          "Hmax": null,
          "__class__": "ModelBH",
          "delta": 100
        },
        "Wlam": 0.0005,
        "__class__": "MatMagnetics",
        "alpha_Br": 0,
        "is_BH_extrapolate": false,
        "mur_lin": 2500.0
      },
      "name": "M400-50A",
      "path": "",
      "struct": {
        "Ex": 215000000000.0,
        "Ey": 215000000000.0,
        "Ez": 80000000000.0,
        "Gxy": 0.0,
        "Gxz": 2000000000.0,
        "Gyz": 2000000000.0,
        "__class__": "MatStructural",
        "nu_xy": 0.3,
        "nu_xz": 0.03,
        "nu_yz": 0.03,
        "rho": 7650.0
      }
    },
    "notch": [],
    "skew": null,
    "yoke_notch": []
  },
  "shaft": {
    "Drsh": 0.11064,
    "Lshaft": 1.2,
    "__class__": "Shaft",
    "mat_type": {
      "HT": {
        "Cp": 1,
        "__class__": "MatHT",
        "alpha": 0.00393,
        "lambda_x": 1,
        "lambda_y": 1,
        "lambda_z": 1
      },
      "__class__": "Material",
      "desc": "Material description",
      "eco": {
        "__class__": "MatEconomical",
        "cost_unit": 0.127,
        "unit_name": "$"
      },
      "elec": {
        "__class__": "MatElectrical",
        "alpha": 1,
        "epsr": 1,
        "rho": 1
      },
      "is_isotropic": false,
      "mag": {
        "BH_curve": {
          "__class__": "ImportMatrix",
          "is_transpose": false
        },
        "Brm20": 0,
        "Hc": 0,
        "LossData": {
          "__class__": "ImportMatrix",
          "is_transpose": false
        },
        "ModelBH": {
          "Bmax": 2.31,
          "Hmax": null,
          "__class__": "ModelBH",
          "delta": 100
        },
        "Wlam": 0,
        "__class__": "MatMagnetics",
        "alpha_Br": 0,
        "is_BH_extrapolate": false,
        "mur_lin": 1
      },
      "name": "Material",
      "path": "",
      "struct": {
        "Ex": 215000000000.0,
        "Ey": 215000000000.0,
        "Ez": 80000000000,
        "Gxy": 0,
        "Gxz": 2000000000,
        "Gyz": 2000000000,
        "__class__": "MatStructural",
        "nu_xy": 0.3,
        "nu_xz": 0.03,
        "nu_yz": 0.03,
        "rho": 7650
      }
    }
  },
  "stator": {
    "Kf1": 0.95,
    "Ksfill": null,
    "L1": 0.08381999999999999,
    "Nrvd": 0,
    "Rext": 0.13462000000000002,
    "Rint": 0.08095000000000001,
    "Wrvd": 0,
    "__class__": "LamSlotWind",
    "axial_vent": [],
    "bore": null,
    "is_internal": false,
    "is_stator": true,
    "mat_type": {
      "HT": {
        "Cp": 1,
        "__class__": "MatHT",
        "alpha": 0.00393,
        "lambda_x": 1,
        "lambda_y": 1,
        "lambda_z": 1
      },
      "__class__": "Material",
      "desc": "Lamination M400-50A",
      "eco": {
        "__class__": "MatEconomical",
        "cost_unit": 0.127,
        "unit_name": "$"
      },
      "elec": {
        "__class__": "MatElectrical",
        "alpha": 1,
        "epsr": 1,
        "rho": 1
      },
      "is_isotropic": false,
      "mag": {
        "BH_curve": {
          "__class__": "ImportMatrixVal",
          "is_transpose": false,
          "value": [
            [
              0.0,
              0.0
            ],
            [
              100.0,
              0.5
            ],
            [
              150.0,
              0.7
            ],
            [
              180.0,
              0.8
            ],
            [
              200.0,
              0.9
            ],
            [
              250.0,
              1.0
            ],
            [
              300.0,
              1.05
            ],
            [
              350.0,
              1.1
            ],
            [
              450.0,
              1.15
            ],
            [
              550.0,
              1.2
            ],
            [
              650.0,
              1.225
            ],
            [
              750.0,
              1.25
            ],
            [
              850.0,
              1.275
            ],
            [
              950.0,
              1.3
            ],
            [
              1100.0,
              1.325
            ],
            [
              1250.0,
              1.35
            ],
            [
              1400.0,
              1.375
            ],
            [
              1550.0,
              1.4
            ],
            [
              1700.0,
              1.425
            ],
            [
              1900.0,
              1.45
            ],
            [
              2150.0,
              1.475
            ],
            [
              2450.0,
              1.5
            ],
            [
              2750.0,
              1.525
            ],
            [
              3150.0,
              1.55
            ],
            [
              3600.0,
              1.575
            ],
            [
              4100.0,
              1.6
            ],
            [
              4700.0,
              1.625
            ],
            [
              5250.0,
              1.65
            ],
            [
              6000.0,
              1.675
            ],
            [
              6700.0,
              1.7
            ],
            [
              7500.0,
              1.725
            ],
            [
              8650.0,
              1.75
            ],
            [
              9500.0,
              1.775
            ],
            [
              10750.0,
              1.8
            ],
            [
              14500.0,
              1.85
            ],
            [
              19500.0,
              1.9
            ],
            [
              25000.0,
              1.95
            ],
            [
              33000.0,
              2.0
            ],
            [
              44000.0,
              2.05
            ],
            [
              57000.0,
              2.1
            ],
            [
              74000.0,
              2.15
            ],
            [
              96000.0,
              2.2
            ],
            [
              130000.0,
              2.25
            ],
            [
              170000.0,
              2.3
            ]
          ]
        },
        "Brm20": 0,
        "Hc": 0,
        "LossData": {
          "__class__": "ImportMatrix",
          "is_transpose": false
        },
        "ModelBH": {
          "Bmax": 2.31,
          "Hmax": null,
          "__class__": "ModelBH",
          "delta": 100
        },
        "Wlam": 0.0005,
        "__class__": "MatMagnetics",
        "alpha_Br": 0,
        "is_BH_extrapolate": false,
        "mur_lin": 2500.0
      },
      "name": "M400-50A",
      "path": "",
      "struct": {
        "Ex": 215000000000.0,
        "Ey": 215000000000.0,
        "Ez": 80000000000.0,
        "Gxy": 0.0,
        "Gxz": 2000000000.0,
        "Gyz": 2000000000.0,
        "__class__": "MatStructural",
        "nu_xy": 0.3,
        "nu_xz": 0.03,
        "nu_yz": 0.03,
        "rho": 7650.0
      }
    },
    "notch": [],
    "skew": null,
    "slot": {
      "H0": 0.001,
      "H1": 0,
      "H1_is_rad": false,
      "H2": 0.033299999999999996,
      "R1": 0.004,
      "W0": 0.00193,
      "W1": 0.005,
      "W2": 0.008,
      "Zs": 48,
      "__class__": "SlotW11"
    },
    "winding": {
      "Lewout": 0,
      "Nlayer": 1,
      "Npcp": 1,
      "Nslot_shift_wind": 0,
      "Ntcoil": 9,
      "__class__": "Winding",
      "coil_pitch": 1,
      "conductor": {
        "Hwire": 0.002,
        "Nwppc_rad": 1,
        "Nwppc_tan": 1,
        "Wins_coil": 0,
        "Wins_wire": 1e-06,
        "Wwire": 0.000912,
        "__class__": "CondType11",
        "alpha_ew": 58,
        "cond_mat": {
          "HT": {
            "Cp": 381.0,
            "__class__": "MatHT",
            "alpha": 0.00393,
            "lambda_x": 385.0,
            "lambda_y": 385.0,
            "lambda_z": 385.0
          },
          "__class__": "Material",
          "desc": "COPPER WINDING",
          "eco": {
            "__class__": "MatEconomical",
            "cost_unit": 60.0,
            "unit_name": "$"
          },
          "elec": {
            "__class__": "MatElectrical",
            "alpha": 1,
            "epsr": null,
            "rho": 1.73e-08
          },
          "is_isotropic": true,
          "mag": null,
          "name": "Copper1",
          "path": null,
          "struct": {
            "Ex": 115000000000.0,
            "Ey": 115000000000.0,
            "Ez": 115000000000.0,
            "Gxy": null,
            "Gxz": null,
            "Gyz": null,
            "__class__": "MatStructural",
            "nu_xy": null,
            "nu_xz": null,
            "nu_yz": null,
            "rho": 8900.0
          }
        },
        "ins_mat": {
          "HT": {
            "Cp": 1,
            "__class__": "MatHT",
            "alpha": 0.00393,
            "lambda_x": 1,
            "lambda_y": 1,
            "lambda_z": 1
          },
          "__class__": "Material",
          "desc": "Material description",
          "eco": {
            "__class__": "MatEconomical",
            "cost_unit": 0.127,
            "unit_name": "$"
          },
          "elec": {
            "__class__": "MatElectrical",
            "alpha": 1,
            "epsr": 1,
            "rho": 1
          },
          "is_isotropic": false,
          "mag": {
            "BH_curve": {
              "__class__": "ImportMatrix",
              "is_transpose": false
            },
            "Brm20": 0,
            "Hc": 0,
            "LossData": {
              "__class__": "ImportMatrix",
              "is_transpose": false
            },
            "ModelBH": {
              "Bmax": 2.31,
              "Hmax": null,
              "__class__": "ModelBH",
              "delta": 100
            },
            "Wlam": 0,
            "__class__": "MatMagnetics",
            "alpha_Br": 0,
            "is_BH_extrapolate": false,
            "mur_lin": 1
          },
          "name": "Material",
          "path": "",
          "struct": {
            "Ex": 215000000000.0,
            "Ey": 215000000000.0,
            "Ez": 80000000000,
            "Gxy": 0,
            "Gxz": 2000000000,
            "Gyz": 2000000000,
            "__class__": "MatStructural",
            "nu_xy": 0.3,
            "nu_xz": 0.03,
            "nu_yz": 0.03,
            "rho": 7650
          }
        },
        "type_winding_shape": 0
      },
      "end_winding": {
        "__class__": "EndWinding"
      },
      "is_aper_a": true,
      "is_change_layer": false,
      "is_permute_B_C": false,
      "is_reverse_layer": false,
      "is_reverse_wind": false,
      "p": 4,
      "per_a": 8,
      "qs": 3,
      "type_connection": 0,
      "wind_mat": [
        [
          [
            [
              9.0,
              0.0,
              0.0
            ],
            [
              -9.0,
              0.0,
              0.0
            ],
            [
              0.0,
              0.0,
              -9.0
            ],
            [
              0.0,
              0.0,
              9.0
            ],
            [
              0.0,
              9.0,
              0.0
            ],
            [
              0.0,
              -9.0,
              0.0
            ],
            [
              -9.0,
              0.0,
              0.0
            ],
            [
              9.0,
              0.0,
              0.0
            ],
            [
              0.0,
              0.0,
              9.0
            ],
            [
              0.0,
              0.0,
              -9.0
            ],
            [
              0.0,
              -9.0,
              0.0
            ],
            [
              0.0,
              9.0,
              0.0
            ],
            [
              9.0,
              0.0,
              0.0
            ],
            [
              -9.0,
              0.0,
              0.0
            ],
            [
              0.0,
              0.0,
              -9.0
            ],
            [
              0.0,
              0.0,
              9.0
            ],
            [
              0.0,
              9.0,
              0.0
            ],
            [
              0.0,
              -9.0,
              0.0
            ],
            [
              -9.0,
              0.0,
              0.0
            ],
            [
              9.0,
              0.0,
              0.0
            ],
            [
              0.0,
              0.0,
              9.0
            ],
            [
              0.0,
              0.0,
              -9.0
            ],
            [
              0.0,
              -9.0,
              0.0
            ],
            [
              0.0,
              9.0,
              0.0
            ],
            [
              9.0,
              0.0,
              0.0
            ],
            [
              -9.0,
              0.0,
              0.0
            ],
            [
              0.0,
              0.0,
              -9.0
            ],
            [
              0.0,
              0.0,
              9.0
            ],
            [
              0.0,
              9.0,
              0.0
            ],
            [
              0.0,
              -9.0,
              0.0
            ],
            [
              -9.0,
              0.0,
              0.0
            ],
            [
              9.0,
              0.0,
              0.0
            ],
            [
              0.0,
              0.0,
              9.0
            ],
            [
              0.0,
              0.0,
              -9.0
            ],
            [
              0.0,
              -9.0,
              0.0
            ],
            [
              0.0,
              9.0,
              0.0
            ],
            [
              9.0,
              0.0,
              0.0
            ],
            [
              -9.0,
              0.0,
              0.0
            ],
            [
              0.0,
              0.0,
              -9.0
            ],
            [
              0.0,
              0.0,
              9.0
            ],
            [
              0.0,
              9.0,
              0.0
            ],
            [
              0.0,
              -9.0,
              0.0
            ],
            [
              -9.0,
              0.0,
              0.0
            ],
            [
              9.0,
              0.0,
              0.0
            ],
            [
              0.0,
              0.0,
              9.0
            ],
            [
              0.0,
              0.0,
              -9.0
            ],
            [
              0.0,
              -9.0,
              0.0
            ],
            [
              0.0,
              9.0,
              0.0
            ]
          ]
        ]
      ]
    },
    "yoke_notch": []
  },
  "type_machine": 1
}