8.000000000000000000e+03,-2.300000000000000000e+02,-2.300000000000000000e+02,1.147764381641977343e+04,-5.229806003531080023e+02,2.875177869020153303e+05
8.000000000000000000e+03,-2.057894736842105203e+02,-2.300000000000000000e+02,1.141994340065226061e+04,-5.046142138071445515e+02,2.823501051768912585e+05
8.000000000000000000e+03,-1.815789473684210407e+02,-2.300000000000000000e+02,1.111419160825651306e+04,-4.832779859047265063e+02,2.730886388150987332e+05
8.000000000000000000e+03,-1.573684210526315894e+02,-2.300000000000000000e+02,1.064195777355563223e+04,-4.593421167415834816e+02,2.596468329962292919e+05
8.000000000000000000e+03,-1.331578947368421098e+02,-2.300000000000000000e+02,9.962035373763770622e+03,-4.330371613864705296e+02,2.421498878122092865e+05
8.000000000000000000e+03,-1.089473684210526301e+02,-2.300000000000000000e+02,9.152553597227568389e+03,-4.047046257100454341e+02,2.208820288683526451e+05
8.000000000000000000e+03,-8.473684210526317884e+01,-2.300000000000000000e+02,8.412864986415839667e+03,-3.748771131459189974e+02,1.964462935531238327e+05
8.000000000000000000e+03,-6.052631578947369917e+01,-2.300000000000000000e+02,7.691035314414195454e+03,-3.439736045625934935e+02,1.697257894539717527e+05
8.000000000000000000e+03,-3.631578947368421950e+01,-2.300000000000000000e+02,7.063779270628007907e+03,-3.123808423433272878e+02,1.418522096965280361e+05
8.000000000000000000e+03,-1.210526315789473983e+01,-2.300000000000000000e+02,6.425695822391146976e+03,-2.806824851895483448e+02,1.142762583343431616e+05
8.000000000000000000e+03,1.210526315789473983e+01,-2.300000000000000000e+02,5.693371207917952233e+03,-2.493080920424774831e+02,8.858969224384134577e+04
8.000000000000000000e+03,3.631578947368421950e+01,-2.300000000000000000e+02,5.044035898491686567e+03,-2.186237460573947828e+02,6.658466654480407306e+04
8.000000000000000000e+03,6.052631578947364233e+01,-2.300000000000000000e+02,4.412988324372230636e+03,-1.890238175847869400e+02,5.059857482640469243e+04
8.000000000000000000e+03,8.473684210526312199e+01,-2.300000000000000000e+02,3.734894180677670192e+03,-1.609394278442227630e+02,4.314079886400239775e+04
8.000000000000000000e+03,1.089473684210526017e+02,-2.300000000000000000e+02,3.094064103620418791e+03,-1.345793499207187551e+02,4.400511628454233869e+04
8.000000000000000000e+03,1.331578947368420813e+02,-2.300000000000000000e+02,2.643783782004265049e+03,-1.098035536711687428e+02,4.894526509148485638e+04
8.000000000000000000e+03,1.573684210526315610e+02,-2.300000000000000000e+02,2.161298913833536062e+03,-8.672065511308878172e+01,5.412152059279016248e+04
8.000000000000000000e+03,1.815789473684210407e+02,-2.300000000000000000e+02,1.656815771881935234e+03,-6.560371311174927200e+01,5.804268845790452178e+04
8.000000000000000000e+03,2.057894736842105203e+02,-2.300000000000000000e+02,1.259420816190492133e+03,-4.748573902127436241e+01,6.053931455547575024e+04
8.000000000000000000e+03,2.300000000000000000e+02,-2.300000000000000000e+02,1.110667531410621677e+03,-3.444222089538806131e+01,6.307884198044424556e+04
8.000000000000000000e+03,-2.300000000000000000e+02,-2.057894736842105203e+02,1.188410165050764226e+04,-5.118868877967410072e+02,2.872392462708110106e+05
8.000000000000000000e+03,-2.057894736842105203e+02,-2.057894736842105203e+02,1.196467335284016735e+04,-4.940006678574305852e+02,2.829694738448113785e+05
8.000000000000000000e+03,-1.815789473684210407e+02,-2.057894736842105203e+02,1.176507919916121682e+04,-4.727603737159947173e+02,2.742505412382883951e+05
8.000000000000000000e+03,-1.573684210526315894e+02,-2.057894736842105203e+02,1.134955968180095988e+04,-4.485468474217376524e+02,2.608330416167717776e+05
8.000000000000000000e+03,-1.331578947368421098e+02,-2.057894736842105203e+02,1.070610358852623176e+04,-4.216651099661606850e+02,2.428204524940497940e+05
8.000000000000000000e+03,-1.089473684210526301e+02,-2.057894736842105203e+02,9.882426626244930958e+03,-3.925154204987543949e+02,2.205044062911465007e+05
8.000000000000000000e+03,-8.473684210526317884e+01,-2.057894736842105203e+02,9.044455585638619596e+03,-3.617082079105103958e+02,1.946027446927677374e+05
8.000000000000000000e+03,-6.052631578947369917e+01,-2.057894736842105203e+02,8.250872689032434209e+03,-3.296505272999468161e+02,1.661788240950102627e+05
8.000000000000000000e+03,-3.631578947368421950e+01,-2.057894736842105203e+02,7.489473347530026331e+03,-2.969653151165369991e+02,1.368305191542284447e+05
8.000000000000000000e+03,-1.210526315789473983e+01,-2.057894736842105203e+02,6.746154079113313855e+03,-2.641998908934360770e+02,1.084257822490367544e+05
8.000000000000000000e+03,1.210526315789473983e+01,-2.057894736842105203e+02,5.898944790481617929e+03,-2.317996510782134578e+02,8.297652548827022838e+04
8.000000000000000000e+03,3.631578947368421950e+01,-2.057894736842105203e+02,5.163606832937373838e+03,-2.003048616286727963e+02,6.283809800288249244e+04
8.000000000000000000e+03,6.052631578947364233e+01,-2.057894736842105203e+02,4.404604930656978468e+03,-1.702473714374856399e+02,5.068121502313631936e+04
8.000000000000000000e+03,8.473684210526312199e+01,-2.057894736842105203e+02,3.625638687690026018e+03,-1.419792182196111696e+02,4.755792945933839655e+04
8.000000000000000000e+03,1.089473684210526017e+02,-2.057894736842105203e+02,3.039129759748657762e+03,-1.155937425690697182e+02,5.042756854084831139e+04
8.000000000000000000e+03,1.331578947368420813e+02,-2.057894736842105203e+02,2.485268574310896383e+03,-9.102719244429351875e+01,5.472940124505488347e+04
8.000000000000000000e+03,1.573684210526315610e+02,-2.057894736842105203e+02,1.926538270180165910e+03,-6.854577576906014258e+01,5.809197999472675292e+04
8.000000000000000000e+03,1.815789473684210407e+02,-2.057894736842105203e+02,1.516678531858759470e+03,-4.877900892991709014e+01,5.993571297206504096e+04
8.000000000000000000e+03,2.057894736842105203e+02,-2.057894736842105203e+02,1.213623214540568824e+03,-3.445213304797603371e+01,6.162596978669614327e+04
8.000000000000000000e+03,2.300000000000000000e+02,-2.057894736842105203e+02,1.309110639536874487e+03,-2.404745218344400470e+01,6.436752390977169853e+04
8.000000000000000000e+03,-2.300000000000000000e+02,-1.815789473684210407e+02,1.235117273547396508e+04,-4.983776922513940804e+02,2.862627918243724271e+05
8.000000000000000000e+03,-2.057894736842105203e+02,-1.815789473684210407e+02,1.268239338455402140e+04,-4.813934161474771827e+02,2.830456724560265429e+05
8.000000000000000000e+03,-1.815789473684210407e+02,-1.815789473684210407e+02,1.274826838357923771e+04,-4.605594394398754048e+02,2.751198555371878319e+05
8.000000000000000000e+03,-1.573684210526315894e+02,-1.815789473684210407e+02,1.237593078527184116e+04,-4.362294878415264066e+02,2.620135742675429501e+05
8.000000000000000000e+03,-1.331578947368421098e+02,-1.815789473684210407e+02,1.178786379844934891e+04,-4.088715294485838854e+02,2.436410921218402509e+05
8.000000000000000000e+03,-1.089473684210526301e+02,-1.815789473684210407e+02,1.098474571116713923e+04,-3.789560229011465822e+02,2.202992300965740869e+05
8.000000000000000000e+03,-8.473684210526317884e+01,-1.815789473684210407e+02,1.002534905711444662e+04,-3.471101998306470477e+02,1.928325685770626878e+05
8.000000000000000000e+03,-6.052631578947369917e+01,-1.815789473684210407e+02,9.137912519638703088e+03,-3.139108072947964274e+02,1.626734778693027038e+05
8.000000000000000000e+03,-3.631578947368421950e+01,-1.815789473684210407e+02,8.220801975063603095e+03,-2.800493230134435407e+02,1.318801368492233742e+05
8.000000000000000000e+03,-1.210526315789473983e+01,-1.815789473684210407e+02,7.307839057893763311e+03,-2.461615307240722927e+02,1.029682378212582989e+05
8.000000000000000000e+03,1.210526315789473983e+01,-1.815789473684210407e+02,6.322560593289274948e+03,-2.128254722560457139e+02,7.854683557711665344e+04
8.000000000000000000e+03,3.631578947368421950e+01,-1.815789473684210407e+02,5.386327025450945257e+03,-1.807068233937751813e+02,6.146601857725360605e+04
8.000000000000000000e+03,6.052631578947364233e+01,-1.815789473684210407e+02,4.436909353614961219e+03,-1.503082722057253022e+02,5.360073288871251862e+04
8.000000000000000000e+03,8.473684210526312199e+01,-1.815789473684210407e+02,3.609569725919003758e+03,-1.219376049355681033e+02,5.338070758223856683e+04
8.000000000000000000e+03,1.089473684210526017e+02,-1.815789473684210407e+02,2.970212000762854586e+03,-9.568684104412071179e+01,5.621955563960770087e+04
8.000000000000000000e+03,1.331578947368420813e+02,-1.815789473684210407e+02,2.283678616816582689e+03,-7.168012457108324043e+01,5.869920876344219141e+04
8.000000000000000000e+03,1.573684210526315610e+02,-1.815789473684210407e+02,1.734745472164187731e+03,-5.032409826569676170e+01,5.966212189986272278e+04
8.000000000000000000e+03,1.815789473684210407e+02,-1.815789473684210407e+02,1.354482748946759102e+03,-3.420726113876473562e+01,6.013366340497774945e+04
8.000000000000000000e+03,2.057894736842105203e+02,-1.815789473684210407e+02,1.373188215889075536e+03,-2.375594759507751164e+01,6.221401694812792994e+04
8.000000000000000000e+03,2.300000000000000000e+02,-1.815789473684210407e+02,1.436042926595076096e+03,-1.476117858825306683e+01,6.535152902225923026e+04
8.000000000000000000e+03,-2.300000000000000000e+02,-1.573684210526315894e+02,1.279889137830824984e+04,-4.810462878214351008e+02,2.841753196684987633e+05
8.000000000000000000e+03,-2.057894736842105203e+02,-1.573684210526315894e+02,1.339790150386823552e+04,-4.656178361274863846e+02,2.822993602816204075e+05
8.000000000000000000e+03,-1.815789473684210407e+02,-1.573684210526315894e+02,1.377957622513981551e+04,-4.457117584170416080e+02,2.754282462673436967e+05
8.000000000000000000e+03,-1.573684210526315894e+02,-1.573684210526315894e+02,1.378785003660674738e+04,-4.217131970727101589e+02,2.628531178507513250e+05
8.000000000000000000e+03,-1.331578947368421098e+02,-1.573684210526315894e+02,1.335180529734070842e+04,-3.941017342645766348e+02,2.443261732176330115e+05
8.000000000000000000e+03,-1.089473684210526301e+02,-1.573684210526315894e+02,1.257773151173361839e+04,-3.635007318932257476e+02,2.200726125526561518e+05
8.000000000000000000e+03,-8.473684210526317884e+01,-1.573684210526315894e+02,1.159565884350905981e+04,-3.306926609094386436e+02,1.911145411748774350e+05
8.000000000000000000e+03,-6.052631578947369917e+01,-1.573684210526315894e+02,1.053028489016195817e+04,-2.963594596649579671e+02,1.592705629559369117e+05
8.000000000000000000e+03,-3.631578947368421950e+01,-1.573684210526315894e+02,9.389415371538745603e+03,-2.612842207304233852e+02,1.273014334753125731e+05
8.000000000000000000e+03,-1.210526315789473983e+01,-1.573684210526315894e+02,8.158758145243828949e+03,-2.263378593357633974e+02,9.846661114034254570e+04
8.000000000000000000e+03,1.210526315789473983e+01,-1.573684210526315894e+02,6.886305107317164584e+03,-1.921786067793228199e+02,7.613401539947102719e+04
8.000000000000000000e+03,3.631578947368421950e+01,-1.573684210526315894e+02,5.671970386699660594e+03,-1.594919710475530508e+02,6.293870438635248865e+04
8.000000000000000000e+03,6.052631578947364233e+01,-1.573684210526315894e+02,4.559270381497698509e+03,-1.288972358253041648e+02,5.863120608885192632e+04
8.000000000000000000e+03,8.473684210526312199e+01,-1.573684210526315894e+02,3.589328038292636393e+03,-1.007006183334249272e+02,5.919531906320846610e+04
8.000000000000000000e+03,1.089473684210526017e+02,-1.573684210526315894e+02,2.724936948596507136e+03,-7.501870490289431359e+01,6.028241462440353644e+04
8.000000000000000000e+03,1.331578947368420813e+02,-1.573684210526315894e+02,1.982024602420864994e+03,-5.206143191365812584e+01,5.997675800562710356e+04
8.000000000000000000e+03,1.573684210526315610e+02,-1.573684210526315894e+02,1.498081679587483677e+03,-3.382983670614525806e+01,5.878429031415088684e+04
8.000000000000000000e+03,1.815789473684210407e+02,-1.573684210526315894e+02,1.402112149229388478e+03,-2.308131936506019244e+01,5.980312610916721314e+04
8.000000000000000000e+03,2.057894736842105203e+02,-1.573684210526315894e+02,1.418071458724473587e+03,-1.435514537329355633e+01,6.248804626660305075e+04
8.000000000000000000e+03,2.300000000000000000e+02,-1.573684210526315894e+02,1.497555900524973822e+03,-6.268983498724439940e+00,6.557352965112242964e+04
8.000000000000000000e+03,-2.300000000000000000e+02,-1.331578947368421098e+02,1.273503195052386218e+04,-4.569802632303660630e+02,2.803790634794249781e+05
8.000000000000000000e+03,-2.057894736842105203e+02,-1.331578947368421098e+02,1.395443924939406861e+04,-4.444931227575854109e+02,2.800053158413428464e+05
8.000000000000000000e+03,-1.815789473684210407e+02,-1.331578947368421098e+02,1.508061439233874626e+04,-4.264980267819939854e+02,2.743961791570568457e+05
8.000000000000000000e+03,-1.573684210526315894e+02,-1.331578947368421098e+02,1.568170364087724010e+04,-4.034028129610609312e+02,2.627344594516093493e+05
8.000000000000000000e+03,-1.331578947368421098e+02,-1.331578947368421098e+02,1.564332362605492563e+04,-3.760624673285882409e+02,2.445181091318792023e+05
8.000000000000000000e+03,-1.089473684210526301e+02,-1.331578947368421098e+02,1.504754571010757718e+04,-3.451645482521341819e+02,2.197845793488580093e+05
8.000000000000000000e+03,-8.473684210526317884e+01,-1.331578947368421098e+02,1.407215103510961308e+04,-3.116271393901755005e+02,1.896700542195218441e+05
8.000000000000000000e+03,-6.052631578947369917e+01,-1.331578947368421098e+02,1.276581223221676555e+04,-2.763266469904419864e+02,1.563537222422609921e+05
8.000000000000000000e+03,-3.631578947368421950e+01,-1.331578947368421098e+02,1.120982267687940475e+04,-2.402231299970362102e+02,1.235092010005160409e+05
8.000000000000000000e+03,-1.210526315789473983e+01,-1.331578947368421098e+02,9.387842723457853936e+03,-2.042959928583896385e+02,9.558750371347917826e+04
8.000000000000000000e+03,1.210526315789473983e+01,-1.331578947368421098e+02,7.524860335656161624e+03,-1.694391714627209922e+02,7.640561793138529174e+04
8.000000000000000000e+03,3.631578947368421950e+01,-1.331578947368421098e+02,5.893211797484992530e+03,-1.365046855624104296e+02,6.697702482417949068e+04
8.000000000000000000e+03,6.052631578947364233e+01,-1.331578947368421098e+02,4.533728424546878159e+03,-1.060748292144079414e+02,6.424331944215300609e+04
8.000000000000000000e+03,8.473684210526312199e+01,-1.331578947368421098e+02,3.357635966479022954e+03,-7.847372778057780351e+01,6.335077973666879552e+04
8.000000000000000000e+03,1.089473684210526017e+02,-1.331578947368421098e+02,2.449746041881787733e+03,-5.386946534813380083e+01,6.126096460114810179e+04
8.000000000000000000e+03,1.331578947368420813e+02,-1.331578947368421098e+02,1.783433442659232242e+03,-3.350198845028357653e+01,5.787495913148946420e+04
8.000000000000000000e+03,1.573684210526315610e+02,-1.331578947368421098e+02,1.339164970075004248e+03,-2.189145968445809487e+01,5.716603686983985972e+04
8.000000000000000000e+03,1.815789473684210407e+02,-1.331578947368421098e+02,1.426640733846981902e+03,-1.359011300478404216e+01,5.909337924514892802e+04
8.000000000000000000e+03,2.057894736842105203e+02,-1.331578947368421098e+02,1.547975384644898440e+03,-5.892072753461508938e+00,6.180057994796140702e+04
8.000000000000000000e+03,2.300000000000000000e+02,-1.331578947368421098e+02,1.691439000991407056e+03,1.323042780063597545e+00,6.490485184403057792e+04
8.000000000000000000e+03,-2.300000000000000000e+02,-1.089473684210526301e+02,1.281944005397543151e+04,-4.209326751386599312e+02,2.728012202643605415e+05
8.000000000000000000e+03,-2.057894736842105203e+02,-1.089473684210526301e+02,1.437080482928730817e+04,-4.128675388381896596e+02,2.746960687181826215e+05
8.000000000000000000e+03,-1.815789473684210407e+02,-1.089473684210526301e+02,1.621736423343097340e+04,-3.985879828591698129e+02,2.708272670317479060e+05
8.000000000000000000e+03,-1.573684210526315894e+02,-1.089473684210526301e+02,1.758693415441535035e+04,-3.780248319951876397e+02,2.604924835588234127e+05
8.000000000000000000e+03,-1.331578947368421098e+02,-1.089473684210526301e+02,1.809168091140463002e+04,-3.520477874596019774e+02,2.434381777310465695e+05
8.000000000000000000e+03,-1.089473684210526301e+02,-1.089473684210526301e+02,1.789889492253977733e+04,-3.217066651887593025e+02,2.195529382744775503e+05
8.000000000000000000e+03,-8.473684210526317884e+01,-1.089473684210526301e+02,1.711688202725340307e+04,-2.882034722071541637e+02,1.892531687485729053e+05
8.000000000000000000e+03,-6.052631578947369917e+01,-1.089473684210526301e+02,1.574853156201809543e+04,-2.525900337410875522e+02,1.549951215066478180e+05
8.000000000000000000e+03,-3.631578947368421950e+01,-1.089473684210526301e+02,1.370857021450809589e+04,-2.159330875450784220e+02,1.218234638088789070e+05
8.000000000000000000e+03,-1.210526315789473983e+01,-1.089473684210526301e+02,1.113209326347289789e+04,-1.794462806629708780e+02,9.552964625445083948e+04
8.000000000000000000e+03,1.210526315789473983e+01,-1.089473684210526301e+02,8.442556520058747992e+03,-1.443404157157888221e+02,7.938679884405031044e+04
8.000000000000000000e+03,3.631578947368421950e+01,-1.089473684210526301e+02,6.059134044875735526e+03,-1.115580997018031439e+02,7.187201623284240486e+04
8.000000000000000000e+03,6.052631578947364233e+01,-1.089473684210526301e+02,4.153560918776318431e+03,-8.185395109898972521e+01,6.809773876457467850e+04
8.000000000000000000e+03,8.473684210526312199e+01,-1.089473684210526301e+02,2.904818887729222752e+03,-5.547372187206055827e+01,6.377004813994731376e+04
8.000000000000000000e+03,1.089473684210526017e+02,-1.089473684210526301e+02,2.133978103174401895e+03,-3.324023898273492250e+01,5.765794678517258581e+04
8.000000000000000000e+03,1.331578947368420813e+02,-1.089473684210526301e+02,1.325529028568307012e+03,-2.009489602845777512e+01,5.424670282004867477e+04
8.000000000000000000e+03,1.573684210526315610e+02,-1.089473684210526301e+02,1.399705232661596256e+03,-1.239185095472128140e+01,5.509666347020817193e+04
8.000000000000000000e+03,1.815789473684210407e+02,-1.089473684210526301e+02,1.563722204260162698e+03,-5.211468530584905778e+00,5.735018918438025139e+04
8.000000000000000000e+03,2.057894736842105203e+02,-1.089473684210526301e+02,1.729273423836773645e+03,1.463250944957408262e+00,6.043886647683803312e+04
8.000000000000000000e+03,2.300000000000000000e+02,-1.089473684210526301e+02,1.744737452982582909e+03,6.895558787723134131e+00,6.400858400817980146e+04
8.000000000000000000e+03,-2.300000000000000000e+02,-8.473684210526317884e+01,1.423747176067513828e+04,-3.668334599137523355e+02,2.560074799190049234e+05
8.000000000000000000e+03,-2.057894736842105203e+02,-8.473684210526317884e+01,1.543732584409753508e+04,-3.625869760139756863e+02,2.611953777981707826e+05
8.000000000000000000e+03,-1.815789473684210407e+02,-8.473684210526317884e+01,1.674942299366693260e+04,-3.530356298488338780e+02,2.605550283196460805e+05
8.000000000000000000e+03,-1.573684210526315894e+02,-8.473684210526317884e+01,1.750699366225203630e+04,-3.373576557518142636e+02,2.536359962309669936e+05
8.000000000000000000e+03,-1.331578947368421098e+02,-8.473684210526317884e+01,1.759739895519078709e+04,-3.155501549657618625e+02,2.403888211017059220e+05
8.000000000000000000e+03,-1.089473684210526301e+02,-8.473684210526317884e+01,1.753085482813432463e+04,-2.884372722697939935e+02,2.199181528545844194e+05
8.000000000000000000e+03,-8.473684210526317884e+01,-8.473684210526317884e+01,1.756852197091267590e+04,-2.571846236075595016e+02,1.913084768513234449e+05
8.000000000000000000e+03,-6.052631578947369917e+01,-8.473684210526317884e+01,1.729291762820901567e+04,-2.228204374439893058e+02,1.571364006240608578e+05
8.000000000000000000e+03,-3.631578947368421950e+01,-8.473684210526317884e+01,1.565363024329435575e+04,-1.868731283951552768e+02,1.238691266127166309e+05
8.000000000000000000e+03,-1.210526315789473983e+01,-8.473684210526317884e+01,1.261071741273365660e+04,-1.508530019428075661e+02,9.847167265798893641e+04
8.000000000000000000e+03,1.210526315789473983e+01,-8.473684210526317884e+01,8.930972006723895902e+03,-1.163223333428740602e+02,8.323771750387267093e+04
8.000000000000000000e+03,3.631578947368421950e+01,-8.473684210526317884e+01,5.746408581981070711e+03,-8.458988179527337081e+01,7.438031702203972964e+04
8.000000000000000000e+03,6.052631578947364233e+01,-8.473684210526317884e+01,3.611773934479821492e+03,-5.643437678546987968e+01,6.655965621011084295e+04
8.000000000000000000e+03,8.473684210526312199e+01,-8.473684210526317884e+01,2.495326578125337164e+03,-3.261757491058821046e+01,5.721814118674615747e+04
8.000000000000000000e+03,1.089473684210526017e+02,-8.473684210526317884e+01,1.453342796231706416e+03,-1.759446762192023428e+01,5.036859374693722930e+04
8.000000000000000000e+03,1.331578947368420813e+02,-8.473684210526317884e+01,1.500369828566534807e+03,-1.067751043087316987e+01,5.031325224961344793e+04
8.000000000000000000e+03,1.573684210526315610e+02,-8.473684210526317884e+01,1.622698571652062355e+03,-4.234542675897405850e+00,5.217045924078993994e+04
8.000000000000000000e+03,1.815789473684210407e+02,-8.473684210526317884e+01,1.691770537862533956e+03,1.626643904651897010e+00,5.516505291178873449e+04
8.000000000000000000e+03,2.057894736842105203e+02,-8.473684210526317884e+01,1.673722881364049044e+03,6.213721055076827149e+00,5.839331027394287230e+04
8.000000000000000000e+03,2.300000000000000000e+02,-8.473684210526317884e+01,1.747614951256836775e+03,9.701164633034974116e+00,6.108312547975419147e+04
8.000000000000000000e+03,-2.300000000000000000e+02,-6.052631578947369917e+01,1.544090233412249108e+04,-2.886616804830304091e+02,2.195725605119863758e+05
8.000000000000000000e+03,-2.057894736842105203e+02,-6.052631578947369917e+01,1.639899989705936605e+04,-2.865965257038411664e+02,2.277799631314910657e+05
8.000000000000000000e+03,-1.815789473684210407e+02,-6.052631578947369917e+01,1.645153328000408510e+04,-2.802148286904209726e+02,2.317686069501416641e+05
8.000000000000000000e+03,-1.573684210526315894e+02,-6.052631578947369917e+01,1.587241888038226534e+04,-2.700788312487478606e+02,2.318603682659120823e+05
8.000000000000000000e+03,-1.331578947368421098e+02,-6.052631578947369917e+01,1.535009827338761170e+04,-2.561189506897151773e+02,2.270008261384176731e+05
8.000000000000000000e+03,-1.089473684210526301e+02,-6.052631578947369917e+01,1.448287394471619336e+04,-2.370612902782099809e+02,2.140238487500894698e+05
8.000000000000000000e+03,-8.473684210526317884e+01,-6.052631578947369917e+01,1.302986187523907756e+04,-2.125464479523150203e+02,1.911396045823209279e+05
8.000000000000000000e+03,-6.052631578947369917e+01,-6.052631578947369917e+01,1.192634842917115566e+04,-1.832045392226759191e+02,1.600261414282170881e+05
8.000000000000000000e+03,-3.631578947368421950e+01,-6.052631578947369917e+01,1.170623627272317935e+04,-1.507569493917258399e+02,1.271168406748018897e+05
8.000000000000000000e+03,-1.210526315789473983e+01,-6.052631578947369917e+01,1.027655688116000601e+04,-1.171990624904142066e+02,1.004418961873371154e+05
8.000000000000000000e+03,1.210526315789473983e+01,-6.052631578947369917e+01,7.362175515490913313e+03,-8.495978714843568014e+01,8.238249535248277243e+04
8.000000000000000000e+03,3.631578947368421950e+01,-6.052631578947369917e+01,4.507873498315962024e+03,-5.572657879544838266e+01,6.841844618958076171e+04
8.000000000000000000e+03,6.052631578947364233e+01,-6.052631578947369917e+01,2.968769868149680860e+03,-3.103099420263662722e+01,5.429891888477164321e+04
8.000000000000000000e+03,8.473684210526312199e+01,-6.052631578947369917e+01,2.025638241350598719e+03,-1.440499195473681660e+01,4.349631700387495221e+04
8.000000000000000000e+03,1.089473684210526017e+02,-6.052631578947369917e+01,1.698989886008484973e+03,-8.294504607516628880e+00,4.336244870445715787e+04
8.000000000000000000e+03,1.331578947368420813e+02,-6.052631578947369917e+01,1.723457537037100565e+03,-3.100052413415117947e+00,4.557428530427932856e+04
8.000000000000000000e+03,1.573684210526315610e+02,-6.052631578947369917e+01,1.702680415560708980e+03,1.630104880628351127e+00,4.836841252303930378e+04
8.000000000000000000e+03,1.815789473684210407e+02,-6.052631578947369917e+01,1.704659572461539938e+03,5.275021733561555237e+00,5.074290023858464701e+04
8.000000000000000000e+03,2.057894736842105203e+02,-6.052631578947369917e+01,1.652074350181132331e+03,7.940506775661525296e+00,5.235001529473578557e+04
8.000000000000000000e+03,2.300000000000000000e+02,-6.052631578947369917e+01,1.520316090799203266e+03,9.832037014680778952e+00,5.318822192736213765e+04
8.000000000000000000e+03,-2.300000000000000000e+02,-3.631578947368421950e+01,1.258146455997918929e+04,-1.863377498349367443e+02,1.543316347564721073e+05
8.000000000000000000e+03,-2.057894736842105203e+02,-3.631578947368421950e+01,1.428820767306875860e+04,-1.857207838305752432e+02,1.627446288315131678e+05
8.000000000000000000e+03,-1.815789473684210407e+02,-3.631578947368421950e+01,1.607663418331100002e+04,-1.825042381320566278e+02,1.695078420648275351e+05
8.000000000000000000e+03,-1.573684210526315894e+02,-3.631578947368421950e+01,1.748406956949989035e+04,-1.768804783991075738e+02,1.745489946348569938e+05
8.000000000000000000e+03,-1.331578947368421098e+02,-3.631578947368421950e+01,1.841081679373715451e+04,-1.687412811795824439e+02,1.768575863997693814e+05
8.000000000000000000e+03,-1.089473684210526301e+02,-3.631578947368421950e+01,1.782411420274500779e+04,-1.578939196009354191e+02,1.743203379052127420e+05
8.000000000000000000e+03,-8.473684210526317884e+01,-3.631578947368421950e+01,1.394724989172788810e+04,-1.435858149298164221e+02,1.636446322401388315e+05
8.000000000000000000e+03,-6.052631578947369917e+01,-3.631578947368421950e+01,8.023746602822598106e+03,-1.251447871068680229e+02,1.439525991518976807e+05
8.000000000000000000e+03,-3.631578947368421950e+01,-3.631578947368421950e+01,4.009496761266438625e+03,-1.025747371259716942e+02,1.168725710583276377e+05
8.000000000000000000e+03,-1.210526315789473983e+01,-3.631578947368421950e+01,3.042092541641611660e+03,-7.669336832557731043e+01,8.841677917406441702e+04
8.000000000000000000e+03,1.210526315789473983e+01,-3.631578947368421950e+01,2.767560373421247732e+03,-5.037091951721373562e+01,6.448246592520068953e+04
8.000000000000000000e+03,3.631578947368421950e+01,-3.631578947368421950e+01,2.747575711565399160e+03,-2.720536828477105473e+01,4.394940849390880612e+04
8.000000000000000000e+03,6.052631578947364233e+01,-3.631578947368421950e+01,2.790343704065057409e+03,-1.063823518596685780e+01,3.061279833748003148e+04
8.000000000000000000e+03,8.473684210526312199e+01,-3.631578947368421950e+01,2.165903847494278580e+03,-5.323201518597361570e+00,3.233147271146078128e+04
8.000000000000000000e+03,1.089473684210526017e+02,-3.631578947368421950e+01,1.963049768120268027e+03,-1.920661967947063342e+00,3.644748749444341956e+04
8.000000000000000000e+03,1.331578947368420813e+02,-3.631578947368421950e+01,1.675763009592363460e+03,1.308674344030257064e+00,3.888389853625666001e+04
8.000000000000000000e+03,1.573684210526315610e+02,-3.631578947368421950e+01,1.469972048176312228e+03,3.770440311379062770e+00,3.982350434476255759e+04
8.000000000000000000e+03,1.815789473684210407e+02,-3.631578947368421950e+01,1.331055145138526314e+03,5.481150198888089520e+00,3.963747767431299872e+04
8.000000000000000000e+03,2.057894736842105203e+02,-3.631578947368421950e+01,1.252040881188754383e+03,6.600686279629867315e+00,3.893866915156572941e+04
8.000000000000000000e+03,2.300000000000000000e+02,-3.631578947368421950e+01,1.217364335546496250e+03,7.316833347779342134e+00,3.805715933883381513e+04
8.000000000000000000e+03,-2.300000000000000000e+02,-1.210526315789473983e+01,7.273909663648258174e+03,-6.502777457693412089e+01,6.408389982486556255e+04
8.000000000000000000e+03,-2.057894736842105203e+02,-1.210526315789473983e+01,1.180033367762117268e+04,-6.500596958807687997e+01,6.630608355489023961e+04
8.000000000000000000e+03,-1.815789473684210407e+02,-1.210526315789473983e+01,1.570133797418677750e+04,-6.423476893679752209e+01,6.841089104369912820e+04
8.000000000000000000e+03,-1.573684210526315894e+02,-1.210526315789473983e+01,1.892043371814693091e+04,-6.260823622498752172e+01,7.055071027070489072e+04
8.000000000000000000e+03,-1.331578947368421098e+02,-1.210526315789473983e+01,2.101761497727543974e+04,-5.992041760495342118e+01,7.210771075274448958e+04
8.000000000000000000e+03,-1.089473684210526301e+02,-1.210526315789473983e+01,2.025431569906752338e+04,-5.604888851548994921e+01,7.193695222211966757e+04
8.000000000000000000e+03,-8.473684210526317884e+01,-1.210526315789473983e+01,1.441014641480428509e+04,-5.097997781025451758e+01,6.897239170034449489e+04
8.000000000000000000e+03,-6.052631578947369917e+01,-1.210526315789473983e+01,8.572082188732318173e+03,-4.473595156816143970e+01,6.356509422146636643e+04
8.000000000000000000e+03,-3.631578947368421950e+01,-1.210526315789473983e+01,4.823349512482496721e+03,-3.670415489056469482e+01,5.382301002475302812e+04
8.000000000000000000e+03,-1.210526315789473983e+01,-1.210526315789473983e+01,1.611682064028464993e+03,-2.685350019702172375e+01,3.891727076714827854e+04
8.000000000000000000e+03,1.210526315789473983e+01,-1.210526315789473983e+01,1.107995697232325483e+03,-1.598258630478808406e+01,2.181783085097480216e+04
8.000000000000000000e+03,3.631578947368421950e+01,-1.210526315789473983e+01,2.595886207246984668e+03,-6.127803543561064714e+00,8.955651766434955789e+03
8.000000000000000000e+03,6.052631578947364233e+01,-1.210526315789473983e+01,3.851606242208878939e+03,-1.924954924606414819e+00,1.666476067484514351e+04
8.000000000000000000e+03,8.473684210526312199e+01,-1.210526315789473983e+01,1.957319370612438661e+03,-8.261978283826135749e-01,2.618248597044004418e+04
8.000000000000000000e+03,1.089473684210526017e+02,-1.210526315789473983e+01,1.370601294559105554e+03,3.250435808577029073e-01,2.731872157553792567e+04
8.000000000000000000e+03,1.331578947368420813e+02,-1.210526315789473983e+01,1.055299086674664977e+03,1.256954413290753303e+00,2.528721402692971606e+04
8.000000000000000000e+03,1.573684210526315610e+02,-1.210526315789473983e+01,9.156737644401659963e+02,1.875677760154012885e+00,2.262262823026029218e+04
8.000000000000000000e+03,1.815789473684210407e+02,-1.210526315789473983e+01,9.636948284514891157e+02,2.263542375993740752e+00,1.991061759091307613e+04
8.000000000000000000e+03,2.057894736842105203e+02,-1.210526315789473983e+01,1.029436884485410474e+03,2.490958283080200619e+00,1.756154709460668892e+04
8.000000000000000000e+03,2.300000000000000000e+02,-1.210526315789473983e+01,1.035831920563922267e+03,2.624691151353271135e+00,1.573712621408066661e+04
8.000000000000000000e+03,-2.300000000000000000e+02,1.210526315789473983e+01,6.844666056822465180e+03,6.485592601655432077e+01,6.446063670053085661e+04
8.000000000000000000e+03,-2.057894736842105203e+02,1.210526315789473983e+01,1.164092283514070914e+04,6.504241875078676571e+01,6.700836059102004219e+04
8.000000000000000000e+03,-1.815789473684210407e+02,1.210526315789473983e+01,1.572301515048339024e+04,6.441031983606974620e+01,6.943097776220361993e+04
8.000000000000000000e+03,-1.573684210526315894e+02,1.210526315789473983e+01,1.901785699790095896e+04,6.289802303071103040e+01,7.176545477667191881e+04
8.000000000000000000e+03,-1.331578947368421098e+02,1.210526315789473983e+01,2.112480515585261674e+04,6.029558035912361902e+01,7.332594169770230656e+04
8.000000000000000000e+03,-1.089473684210526301e+02,1.210526315789473983e+01,2.035717649949680708e+04,5.645225213879646731e+01,7.307040552022951306e+04
8.000000000000000000e+03,-8.473684210526317884e+01,1.210526315789473983e+01,1.455604453606260540e+04,5.129403716815033221e+01,6.987096373820355802e+04
8.000000000000000000e+03,-6.052631578947369917e+01,1.210526315789473983e+01,8.691809253539731799e+03,4.493712186818450505e+01,6.417875516086069547e+04
8.000000000000000000e+03,-3.631578947368421950e+01,1.210526315789473983e+01,4.897076349106811904e+03,3.681909080276297175e+01,5.407860760324646981e+04
8.000000000000000000e+03,-1.210526315789473983e+01,1.210526315789473983e+01,1.610730513813254674e+03,2.690207001477515547e+01,3.888626149699907546e+04
8.000000000000000000e+03,1.210526315789473983e+01,1.210526315789473983e+01,1.112149255129763560e+03,1.600408782109514050e+01,2.179499940354653154e+04
8.000000000000000000e+03,3.631578947368421950e+01,1.210526315789473983e+01,2.600500679915721776e+03,6.126315797439449540e+00,9.217994096366350277e+03
8.000000000000000000e+03,6.052631578947364233e+01,1.210526315789473983e+01,3.829993600616548065e+03,1.905662964255981029e+00,1.676125436847915989e+04
8.000000000000000000e+03,8.473684210526312199e+01,1.210526315789473983e+01,1.787773727290690204e+03,7.999208984548416002e-01,2.613418859299733958e+04
8.000000000000000000e+03,1.089473684210526017e+02,1.210526315789473983e+01,9.444666532082527510e+02,-3.914471636321588677e-01,2.714422024947274258e+04
8.000000000000000000e+03,1.331578947368420813e+02,1.210526315789473983e+01,4.369611486485964065e+02,-1.368394626108627277e+00,2.499873015318637044e+04
8.000000000000000000e+03,1.573684210526315610e+02,1.210526315789473983e+01,3.114554757502702032e+01,-2.035511365449405474e+00,2.214700256712779810e+04
8.000000000000000000e+03,1.815789473684210407e+02,1.210526315789473983e+01,3.949175567334339121e+02,-2.465538286185416705e+00,1.926501067195097130e+04
8.000000000000000000e+03,2.057894736842105203e+02,1.210526315789473983e+01,5.316579278272537294e+02,-2.732513024572808646e+00,1.670321771940727194e+04
8.000000000000000000e+03,2.300000000000000000e+02,1.210526315789473983e+01,5.697195260574035274e+02,-2.903254143211224658e+00,1.462936380667550293e+04
8.000000000000000000e+03,-2.300000000000000000e+02,3.631578947368421950e+01,1.240790427586283840e+04,1.870525335092652028e+02,1.555527175078338769e+05
8.000000000000000000e+03,-2.057894736842105203e+02,3.631578947368421950e+01,1.441247477810881537e+04,1.862765669010910869e+02,1.638102357823949424e+05
8.000000000000000000e+03,-1.815789473684210407e+02,3.631578947368421950e+01,1.630254813331296646e+04,1.829035642557157075e+02,1.703811244025979831e+05
8.000000000000000000e+03,-1.573684210526315894e+02,3.631578947368421950e+01,1.771196198463775363e+04,1.771943112708166836e+02,1.753541038377732621e+05
8.000000000000000000e+03,-1.331578947368421098e+02,3.631578947368421950e+01,1.859398228219809607e+04,1.689691160686620321e+02,1.775203058277651435e+05
8.000000000000000000e+03,-1.089473684210526301e+02,3.631578947368421950e+01,1.794938390721025644e+04,1.580465709001364587e+02,1.749129543749088189e+05
8.000000000000000000e+03,-8.473684210526317884e+01,3.631578947368421950e+01,1.397447211835077360e+04,1.436971691202216164e+02,1.642565848934926034e+05
8.000000000000000000e+03,-6.052631578947369917e+01,3.631578947368421950e+01,7.999593432833306906e+03,1.252102825858212753e+02,1.445580117113390588e+05
8.000000000000000000e+03,-3.631578947368421950e+01,3.631578947368421950e+01,3.924949237794903183e+03,1.025737940476853680e+02,1.173022285842384881e+05
8.000000000000000000e+03,-1.210526315789473983e+01,3.631578947368421950e+01,2.989356582672317927e+03,7.668182842582140779e+01,8.855466099966774345e+04
8.000000000000000000e+03,1.210526315789473983e+01,3.631578947368421950e+01,2.674256720270857386e+03,5.037028911909794715e+01,6.446898993450235866e+04
8.000000000000000000e+03,3.631578947368421950e+01,3.631578947368421950e+01,2.608583555334085304e+03,2.722778535682208201e+01,4.404662476137754129e+04
8.000000000000000000e+03,6.052631578947364233e+01,3.631578947368421950e+01,2.639604841711995050e+03,1.067178785653237938e+01,3.087508905165538090e+04
8.000000000000000000e+03,8.473684210526312199e+01,3.631578947368421950e+01,1.995464195417892142e+03,5.323919148268359436e+00,3.260737382930238891e+04
8.000000000000000000e+03,1.089473684210526017e+02,3.631578947368421950e+01,1.518790221271995279e+03,1.900876735808465945e+00,3.661294317725692963e+04
8.000000000000000000e+03,1.331578947368420813e+02,3.631578947368421950e+01,1.146492784951772137e+03,-1.362165470583008853e+00,3.885096440915536368e+04
8.000000000000000000e+03,1.573684210526315610e+02,3.631578947368421950e+01,7.411450201331197150e+02,-3.858948445450934628e+00,3.958223485058247752e+04
8.000000000000000000e+03,1.815789473684210407e+02,3.631578947368421950e+01,5.126538563779583910e+02,-5.617781771465631735e+00,3.919816914266664389e+04
8.000000000000000000e+03,2.057894736842105203e+02,3.631578947368421950e+01,4.034628854392707353e+02,-6.780158961323402345e+00,3.829144138896489312e+04
8.000000000000000000e+03,2.300000000000000000e+02,3.631578947368421950e+01,3.637685409122595388e+02,-7.532638415682960442e+00,3.717916816746021505e+04
8.000000000000000000e+03,-2.300000000000000000e+02,6.052631578947364233e+01,1.568983663462479490e+04,2.893973480037616355e+02,2.205680488343038014e+05
8.000000000000000000e+03,-2.057894736842105203e+02,6.052631578947364233e+01,1.687848636236260427e+04,2.871743079405899834e+02,2.286442167017290776e+05
8.000000000000000000e+03,-1.815789473684210407e+02,6.052631578947364233e+01,1.700312659891995645e+04,2.805755612575059104e+02,2.325317016400968132e+05
8.000000000000000000e+03,-1.573684210526315894e+02,6.052631578947364233e+01,1.627564284313788812e+04,2.701885756320887708e+02,2.325446609484179353e+05
8.000000000000000000e+03,-1.331578947368421098e+02,6.052631578947364233e+01,1.550238300985994647e+04,2.559810210159241990e+02,2.276760904153601441e+05
8.000000000000000000e+03,-1.089473684210526301e+02,6.052631578947364233e+01,1.448475452683445474e+04,2.368316704305239284e+02,2.148193179607515340e+05
8.000000000000000000e+03,-8.473684210526317884e+01,6.052631578947364233e+01,1.297255366549629071e+04,2.122993083789498598e+02,1.920050102348509536e+05
8.000000000000000000e+03,-6.052631578947369917e+01,6.052631578947364233e+01,1.184525416168254742e+04,1.829693725282982086e+02,1.607019845604141592e+05
8.000000000000000000e+03,-3.631578947368421950e+01,6.052631578947364233e+01,1.156501678748867744e+04,1.505626684670389182e+02,1.276166599643388327e+05
8.000000000000000000e+03,-1.210526315789473983e+01,6.052631578947364233e+01,1.006156485725589300e+04,1.170639703082855334e+02,1.008279459519294469e+05
8.000000000000000000e+03,1.210526315789473983e+01,6.052631578947364233e+01,7.020963389379856380e+03,8.486888437961982845e+01,8.274522474982970743e+04
8.000000000000000000e+03,3.631578947368421950e+01,6.052631578947364233e+01,4.079289488996324508e+03,5.566668293226507558e+01,6.873469199786134413e+04
8.000000000000000000e+03,6.052631578947364233e+01,6.052631578947364233e+01,2.500737619741431445e+03,3.101072185439430129e+01,5.444655754088445246e+04
8.000000000000000000e+03,8.473684210526312199e+01,6.052631578947364233e+01,1.572443618202128846e+03,1.442467709313175206e+01,4.375410569831939938e+04
8.000000000000000000e+03,1.089473684210526017e+02,6.052631578947364233e+01,1.326349451722612457e+03,8.342570878971187653e+00,4.379030328471586108e+04
8.000000000000000000e+03,1.331578947368420813e+02,6.052631578947364233e+01,1.233599974120490060e+03,3.106677968029436521e+00,4.600311603272784851e+04
8.000000000000000000e+03,1.573684210526315610e+02,6.052631578947364233e+01,1.097159405107457360e+03,-1.680176929587958945e+00,4.863824808726141782e+04
8.000000000000000000e+03,1.815789473684210407e+02,6.052631578947364233e+01,9.493359889082904601e+02,-5.348022455185422075e+00,5.082264071958182467e+04
8.000000000000000000e+03,2.057894736842105203e+02,6.052631578947364233e+01,8.046112814244651190e+02,-8.049449154497583692e+00,5.219709774220555119e+04
8.000000000000000000e+03,2.300000000000000000e+02,6.052631578947364233e+01,6.620314297272497015e+02,-9.986943332834901099e+00,5.283094989848755358e+04
8.000000000000000000e+03,-2.300000000000000000e+02,8.473684210526312199e+01,1.452100301293879238e+04,3.672559722840317136e+02,2.568256967022395693e+05
8.000000000000000000e+03,-2.057894736842105203e+02,8.473684210526312199e+01,1.581006630489778036e+04,3.627521570124376922e+02,2.619225771011624893e+05
8.000000000000000000e+03,-1.815789473684210407e+02,8.473684210526312199e+01,1.697489565291822146e+04,3.529573528685045858e+02,2.613527825253538904e+05
8.000000000000000000e+03,-1.573684210526315894e+02,8.473684210526312199e+01,1.757978583312218689e+04,3.371004546140580374e+02,2.546225698090159858e+05
8.000000000000000000e+03,-1.331578947368421098e+02,8.473684210526312199e+01,1.750196687296294840e+04,3.151801765985737802e+02,2.415858889713866229e+05
8.000000000000000000e+03,-1.089473684210526301e+02,8.473684210526312199e+01,1.729773373884553803e+04,2.880254390330751448e+02,2.211810442958305357e+05
8.000000000000000000e+03,-8.473684210526317884e+01,8.473684210526312199e+01,1.736085680647025583e+04,2.567524077105761080e+02,1.926173285410072713e+05
8.000000000000000000e+03,-6.052631578947369917e+01,8.473684210526312199e+01,1.701280072798231777e+04,2.224403715600668647e+02,1.583462068712732580e+05
8.000000000000000000e+03,-3.631578947368421950e+01,8.473684210526312199e+01,1.531610212317236073e+04,1.865955310366737194e+02,1.247269287204510038e+05
8.000000000000000000e+03,-1.210526315789473983e+01,8.473684210526312199e+01,1.214348396150563349e+04,1.506360023123551741e+02,9.908317862319643609e+04
8.000000000000000000e+03,1.210526315789473983e+01,8.473684210526312199e+01,8.328076529740656042e+03,1.161622563542869528e+02,8.380832226546824677e+04
8.000000000000000000e+03,3.631578947368421950e+01,8.473684210526312199e+01,5.049955565104852212e+03,8.445734565499033408e+01,7.485594755730379256e+04
8.000000000000000000e+03,6.052631578947364233e+01,8.473684210526312199e+01,2.873778439069839806e+03,5.632589354708240137e+01,6.690855801880868967e+04
8.000000000000000000e+03,8.473684210526312199e+01,8.473684210526312199e+01,1.785225974974128576e+03,3.259314588645533206e+01,5.739014715793520736e+04
8.000000000000000000e+03,1.089473684210526017e+02,8.473684210526312199e+01,8.069280978322694864e+02,1.760645208275803952e+01,5.065980450644691882e+04
8.000000000000000000e+03,1.331578947368420813e+02,8.473684210526312199e+01,8.739705806084876940e+02,1.070017630715587842e+01,5.081129462197737303e+04
8.000000000000000000e+03,1.573684210526315610e+02,8.473684210526312199e+01,1.017072548875470147e+03,4.246325983566885398e+00,5.276808736243401654e+04
8.000000000000000000e+03,1.815789473684210407e+02,8.473684210526312199e+01,1.150292594479693207e+03,-1.650247237635478426e+00,5.563172723836704972e+04
8.000000000000000000e+03,2.057894736842105203e+02,8.473684210526312199e+01,1.167212198367350311e+03,-6.282943910553300704e+00,5.865062043684256059e+04
8.000000000000000000e+03,2.300000000000000000e+02,8.473684210526312199e+01,1.140682761440289823e+03,-9.800968210349672916e+00,6.113153579281581915e+04
8.000000000000000000e+03,-2.300000000000000000e+02,1.089473684210526017e+02,1.295308790938615675e+04,4.208271223717958378e+02,2.736883755168648204e+05
8.000000000000000000e+03,-2.057894736842105203e+02,1.089473684210526017e+02,1.438676370672252961e+04,4.126328562869402958e+02,2.756509135197450523e+05
8.000000000000000000e+03,-1.815789473684210407e+02,1.089473684210526017e+02,1.608673940049096200e+04,3.982662603173987463e+02,2.718996706398118986e+05
8.000000000000000000e+03,-1.573684210526315894e+02,1.089473684210526017e+02,1.729677552868831481e+04,3.776290071544843840e+02,2.618053643632367312e+05
8.000000000000000000e+03,-1.331578947368421098e+02,1.089473684210526017e+02,1.770395306885097671e+04,3.515988840648096243e+02,2.450266384775735787e+05
8.000000000000000000e+03,-1.089473684210526301e+02,1.089473684210526017e+02,1.745721971260878490e+04,3.212025945847767616e+02,2.212936979606341338e+05
8.000000000000000000e+03,-8.473684210526317884e+01,1.089473684210526017e+02,1.668389630892073183e+04,2.877057645045439358e+02,1.908506671547390579e+05
8.000000000000000000e+03,-6.052631578947369917e+01,1.089473684210526017e+02,1.531305299482202099e+04,2.521746133852885805e+02,1.563805839032869844e+05
8.000000000000000000e+03,-3.631578947368421950e+01,1.089473684210526017e+02,1.313501084878491201e+04,2.155953412318834808e+02,1.230475141498412704e+05
8.000000000000000000e+03,-1.210526315789473983e+01,1.089473684210526017e+02,1.049497865225523492e+04,1.791963798167462301e+02,9.645837718097712786e+04
8.000000000000000000e+03,1.210526315789473983e+01,1.089473684210526017e+02,7.697960525951692944e+03,1.441293031640819038e+02,8.008982195155689260e+04
8.000000000000000000e+03,3.631578947368421950e+01,1.089473684210526017e+02,5.225411797050526729e+03,1.113953170532601717e+02,7.249268037555973569e+04
8.000000000000000000e+03,6.052631578947364233e+01,1.089473684210526017e+02,3.303391445181760901e+03,8.169296099796099497e+01,6.857940873733774060e+04
8.000000000000000000e+03,8.473684210526312199e+01,1.089473684210526017e+02,2.016828717236156308e+03,5.534145746017679812e+01,6.408496486698291119e+04
8.000000000000000000e+03,1.089473684210526017e+02,1.089473684210526017e+02,1.216045175315374991e+03,3.319622828608994780e+01,5.784272453540124843e+04
8.000000000000000000e+03,1.331578947368420813e+02,1.089473684210526017e+02,3.365338359183151056e+02,2.012695166653182355e+01,5.452214383796129550e+04
8.000000000000000000e+03,1.573684210526315610e+02,1.089473684210526017e+02,7.944068787918039334e+02,1.242194329414130394e+01,5.564743514934834820e+04
8.000000000000000000e+03,1.815789473684210407e+02,1.089473684210526017e+02,1.018896006896787640e+03,5.228813489740411491e+00,5.803364202516482328e+04
8.000000000000000000e+03,2.057894736842105203e+02,1.089473684210526017e+02,1.239550943144463645e+03,-1.476332833626069929e+00,6.107868128797863028e+04
8.000000000000000000e+03,2.300000000000000000e+02,1.089473684210526017e+02,1.332959774075630321e+03,-6.944125261150253969e+00,6.448404068453671061e+04
8.000000000000000000e+03,-2.300000000000000000e+02,1.331578947368420813e+02,1.258706693739419461e+04,4.566625422878718155e+02,2.814583802075363346e+05
8.000000000000000000e+03,-2.057894736842105203e+02,1.331578947368420813e+02,1.363388651232935808e+04,4.441301787448854270e+02,2.812765869652287220e+05
8.000000000000000000e+03,-1.815789473684210407e+02,1.331578947368420813e+02,1.462548577792820834e+04,4.260722688022328839e+02,2.758735934882668662e+05
8.000000000000000000e+03,-1.573684210526315894e+02,1.331578947368420813e+02,1.509767674905383501e+04,4.029405361631592086e+02,2.643741432566599688e+05
8.000000000000000000e+03,-1.331578947368421098e+02,1.331578947368420813e+02,1.506055695302284403e+04,3.755372716718424044e+02,2.462425308028584404e+05
8.000000000000000000e+03,-1.089473684210526301e+02,1.331578947368420813e+02,1.449053094413058352e+04,3.446507611085598910e+02,2.216190690468490066e+05
8.000000000000000000e+03,-8.473684210526317884e+01,1.331578947368420813e+02,1.350522699081236715e+04,3.111043267849362337e+02,1.913826161896165577e+05
8.000000000000000000e+03,-6.052631578947369917e+01,1.331578947368420813e+02,1.218757165979062847e+04,2.759058371747378828e+02,1.578577545003954729e+05
8.000000000000000000e+03,-3.631578947368421950e+01,1.331578947368420813e+02,1.054038304521217833e+04,2.398924190375674357e+02,1.248551452082753676e+05
8.000000000000000000e+03,-1.210526315789473983e+01,1.331578947368420813e+02,8.659207600113344597e+03,2.040510172562912885e+02,9.677710486537854013e+04
8.000000000000000000e+03,1.210526315789473983e+01,1.331578947368420813e+02,6.784314027176129457e+03,1.692333346782097294e+02,7.735526163443112455e+04
8.000000000000000000e+03,3.631578947368421950e+01,1.331578947368420813e+02,5.065800438538772141e+03,1.362779918176519516e+02,6.774978309432762035e+04
8.000000000000000000e+03,6.052631578947364233e+01,1.331578947368420813e+02,3.608123944729001778e+03,1.058721277943561745e+02,6.489583617224910995e+04
8.000000000000000000e+03,8.473684210526312199e+01,1.331578947368420813e+02,2.349280655001714877e+03,7.829700079753428099e+01,6.380960580542701064e+04
8.000000000000000000e+03,1.089473684210526017e+02,1.331578947368420813e+02,1.494739344444894869e+03,5.374529814082060852e+01,6.154844461198997305e+04
8.000000000000000000e+03,1.331578947368420813e+02,1.331578947368420813e+02,6.857802570624651253e+02,3.349637198597051935e+01,5.800555707510178763e+04
8.000000000000000000e+03,1.573684210526315610e+02,1.331578947368420813e+02,4.851988910017036574e+02,2.195642075004184690e+01,5.743141404784553743e+04
8.000000000000000000e+03,1.815789473684210407e+02,1.331578947368420813e+02,9.093619911134877611e+02,1.364752041907236091e+01,5.962877699253083847e+04
8.000000000000000000e+03,2.057894736842105203e+02,1.331578947368420813e+02,1.136390814093573681e+03,5.916876332696206831e+00,6.246361702018744836e+04
8.000000000000000000e+03,2.300000000000000000e+02,1.331578947368420813e+02,1.275121655747520663e+03,-1.323513578547890202e+00,6.563476636869052891e+04
8.000000000000000000e+03,-2.300000000000000000e+02,1.573684210526315610e+02,1.238288865532031195e+04,4.807085310568679688e+02,2.854626489677912905e+05
8.000000000000000000e+03,-2.057894736842105203e+02,1.573684210526315610e+02,1.288115848025799278e+04,4.652213525533095435e+02,2.838497498179528047e+05
8.000000000000000000e+03,-1.815789473684210407e+02,1.573684210526315610e+02,1.310848522230277376e+04,4.452592438938645500e+02,2.771706917566101183e+05
8.000000000000000000e+03,-1.573684210526315894e+02,1.573684210526315610e+02,1.312216132791003110e+04,4.212135511989185943e+02,2.646792791154471342e+05
8.000000000000000000e+03,-1.331578947368421098e+02,1.573684210526315610e+02,1.271825525304156508e+04,3.935645933247848234e+02,2.461470119445007585e+05
8.000000000000000000e+03,-1.089473684210526301e+02,1.573684210526315610e+02,1.195909692864293174e+04,3.629806739161936093e+02,2.218733787223450490e+05
8.000000000000000000e+03,-8.473684210526317884e+01,1.573684210526315610e+02,1.098211440760359801e+04,3.301766788271320934e+02,1.928009156341527414e+05
8.000000000000000000e+03,-6.052631578947369917e+01,1.573684210526315610e+02,9.871231021438101379e+03,2.959521108459327934e+02,1.608521117062514240e+05
8.000000000000000000e+03,-3.631578947368421950e+01,1.573684210526315610e+02,8.706458647823899810e+03,2.609905279494531669e+02,1.287620933256968710e+05
8.000000000000000000e+03,-1.210526315789473983e+01,1.573684210526315610e+02,7.378111143666416865e+03,2.261053748109095238e+02,9.978326505061959324e+04
8.000000000000000000e+03,1.210526315789473983e+01,1.573684210526315610e+02,6.103425460633799048e+03,1.919808060908027869e+02,7.732475138349227200e+04
8.000000000000000000e+03,3.631578947368421950e+01,1.573684210526315610e+02,4.800070338168039598e+03,1.592923937416090894e+02,6.394976427381885878e+04
8.000000000000000000e+03,6.052631578947364233e+01,1.573684210526315610e+02,3.608238376562411304e+03,1.286742120437065182e+02,5.944842282944596809e+04
8.000000000000000000e+03,8.473684210526312199e+01,1.573684210526315610e+02,2.474576879482640379e+03,1.005013050800744452e+02,5.982435842558053264e+04
8.000000000000000000e+03,1.089473684210526017e+02,1.573684210526315610e+02,1.616534594441870013e+03,7.482914861498900905e+01,6.068956829457742424e+04
8.000000000000000000e+03,1.331578947368420813e+02,1.573684210526315610e+02,1.072935976301113669e+03,5.194131234081152115e+01,6.012405254452731606e+04
8.000000000000000000e+03,1.573684210526315610e+02,1.573684210526315610e+02,3.958103504547113971e+02,3.384961561618982984e+01,5.881615616902681359e+04
8.000000000000000000e+03,1.815789473684210407e+02,1.573684210526315610e+02,6.406602107412107898e+02,2.317303991640145355e+01,6.005374687951619853e+04
8.000000000000000000e+03,2.057894736842105203e+02,1.573684210526315610e+02,9.699470346416076154e+02,1.445575541550443077e+01,6.298844989716293640e+04
8.000000000000000000e+03,2.300000000000000000e+02,1.573684210526315610e+02,1.152973007112438154e+03,6.330013841443468792e+00,6.623008920954521454e+04
8.000000000000000000e+03,-2.300000000000000000e+02,1.815789473684210407e+02,1.181770426478191257e+04,4.980150089318159417e+02,2.877867699336599908e+05
8.000000000000000000e+03,-2.057894736842105203e+02,1.815789473684210407e+02,1.201656844174838443e+04,4.809454284681615945e+02,2.848120298070611316e+05
8.000000000000000000e+03,-1.815789473684210407e+02,1.815789473684210407e+02,1.200487824606653157e+04,4.600704590811056960e+02,2.770673253341263626e+05
8.000000000000000000e+03,-1.573684210526315894e+02,1.815789473684210407e+02,1.168700045439025598e+04,4.356814436347593755e+02,2.639966873882306390e+05
8.000000000000000000e+03,-1.331578947368421098e+02,1.815789473684210407e+02,1.109302381247168523e+04,4.083184811781012513e+02,2.455353650166779116e+05
8.000000000000000000e+03,-1.089473684210526301e+02,1.815789473684210407e+02,1.029635281057655811e+04,3.784027295219657390e+02,2.220530350567667920e+05
8.000000000000000000e+03,-8.473684210526317884e+01,1.815789473684210407e+02,9.380219655282135136e+03,3.465962101655002243e+02,1.944797370990177442e+05
8.000000000000000000e+03,-6.052631578947369917e+01,1.815789473684210407e+02,8.471678903461266600e+03,3.135245583312122335e+02,1.642364750257268024e+05
8.000000000000000000e+03,-3.631578947368421950e+01,1.815789473684210407e+02,7.519464852435801731e+03,2.797624695899185099e+02,1.334228219661183539e+05
8.000000000000000000e+03,-1.210526315789473983e+01,1.815789473684210407e+02,6.520421656806445753e+03,2.459604838517371945e+02,1.043967378966994584e+05
8.000000000000000000e+03,1.210526315789473983e+01,1.815789473684210407e+02,5.543352225805583657e+03,2.126921219502969223e+02,7.988086161797159002e+04
8.000000000000000000e+03,3.631578947368421950e+01,1.815789473684210407e+02,4.467997711384613467e+03,1.805318251595991796e+02,6.271345788203032862e+04
8.000000000000000000e+03,6.052631578947364233e+01,1.815789473684210407e+02,3.543920907441804957e+03,1.500674005474700152e+02,5.463554991279003298e+04
8.000000000000000000e+03,8.473684210526312199e+01,1.815789473684210407e+02,2.642642600344876882e+03,1.217293033085638285e+02,5.414324837156758440e+04
8.000000000000000000e+03,1.089473684210526017e+02,1.815789473684210407e+02,1.814317852155877290e+03,9.551066811603479323e+01,5.675417165218730952e+04
8.000000000000000000e+03,1.331578947368420813e+02,1.815789473684210407e+02,1.217423871252595745e+03,7.150732521375013562e+01,5.893782491063446651e+04
8.000000000000000000e+03,1.573684210526315610e+02,1.815789473684210407e+02,8.449224347503114814e+02,5.022349104438967515e+01,5.965374408729939751e+04
8.000000000000000000e+03,1.815789473684210407e+02,1.815789473684210407e+02,4.212811461028239819e+02,3.426355076298599300e+01,6.010719803468892496e+04
8.000000000000000000e+03,2.057894736842105203e+02,1.815789473684210407e+02,6.563577357904904375e+02,2.388392708085955363e+01,6.244722522263212159e+04
8.000000000000000000e+03,2.300000000000000000e+02,1.815789473684210407e+02,8.946079532947358075e+02,1.488873048074559513e+01,6.585622810974386812e+04
8.000000000000000000e+03,-2.300000000000000000e+02,2.057894736842105203e+02,1.120501002045454698e+04,5.114845429562232084e+02,2.889120714282808476e+05
8.000000000000000000e+03,-2.057894736842105203e+02,2.057894736842105203e+02,1.120008275808427607e+04,4.935283488035439632e+02,2.848676634854514268e+05
8.000000000000000000e+03,-1.815789473684210407e+02,2.057894736842105203e+02,1.099493347274054577e+04,4.722893317703835692e+02,2.763726598813098972e+05
8.000000000000000000e+03,-1.573684210526315894e+02,2.057894736842105203e+02,1.057804712881320120e+04,4.479910491682600195e+02,2.629694968612553203e+05
8.000000000000000000e+03,-1.331578947368421098e+02,2.057894736842105203e+02,9.993470784335957433e+03,4.211006146898021143e+02,2.447830163423179183e+05
8.000000000000000000e+03,-1.089473684210526301e+02,2.057894736842105203e+02,9.171019840773064061e+03,3.920079731502764844e+02,2.223074096744605922e+05
8.000000000000000000e+03,-8.473684210526317884e+01,2.057894736842105203e+02,8.336274281051701109e+03,3.611938290907322084e+02,1.962430047645037121e+05
8.000000000000000000e+03,-6.052631578947369917e+01,2.057894736842105203e+02,7.612771981703533129e+03,3.293017183150223559e+02,1.677601239836167370e+05
8.000000000000000000e+03,-3.631578947368421950e+01,2.057894736842105203e+02,6.780978788427997642e+03,2.967496829653932764e+02,1.384261548746199405e+05
8.000000000000000000e+03,-1.210526315789473983e+01,2.057894736842105203e+02,5.950529136956237380e+03,2.640008020828089457e+02,1.099388867040857440e+05
8.000000000000000000e+03,1.210526315789473983e+01,2.057894736842105203e+02,5.158678086714009623e+03,2.316896148776065729e+02,8.445024292621845962e+04
8.000000000000000000e+03,3.631578947368421950e+01,2.057894736842105203e+02,4.241290470607899806e+03,2.002355163050749525e+02,6.428619875229571335e+04
8.000000000000000000e+03,6.052631578947364233e+01,2.057894736842105203e+02,3.472396293259010690e+03,1.700784479509628397e+02,5.196475951433609589e+04
8.000000000000000000e+03,8.473684210526312199e+01,2.057894736842105203e+02,2.748957177725813381e+03,1.417464647999261160e+02,4.850839791577537835e+04
8.000000000000000000e+03,1.089473684210526017e+02,2.057894736842105203e+02,2.024690234311400673e+03,1.153603363876841428e+02,5.102155588555918803e+04
8.000000000000000000e+03,1.331578947368420813e+02,2.057894736842105203e+02,1.377383833467225031e+03,9.083707080777638510e+01,5.505914746751284838e+04
8.000000000000000000e+03,1.573684210526315610e+02,2.057894736842105203e+02,9.305473318362186319e+02,6.838893459268356878e+01,5.813048855208612076e+04
8.000000000000000000e+03,1.815789473684210407e+02,2.057894736842105203e+02,6.479594244853801683e+02,4.869153335460688936e+01,5.976479447965870349e+04
8.000000000000000000e+03,2.057894736842105203e+02,2.057894736842105203e+02,4.523466468174637498e+02,3.453119770675345279e+01,6.150002641599435447e+04
8.000000000000000000e+03,2.300000000000000000e+02,2.057894736842105203e+02,5.706294173755896963e+02,2.419897826361651028e+01,6.456769638305593980e+04
8.000000000000000000e+03,-2.300000000000000000e+02,2.300000000000000000e+02,1.067437615927938168e+04,5.225850602872994841e+02,2.893366182663054788e+05
8.000000000000000000e+03,-2.057894736842105203e+02,2.300000000000000000e+02,1.059992864115263365e+04,5.041506306357591711e+02,2.843719039213422220e+05
8.000000000000000000e+03,-1.815789473684210407e+02,2.300000000000000000e+02,1.030640710405649406e+04,4.828373981531541403e+02,2.753104581538979546e+05
8.000000000000000000e+03,-1.573684210526315894e+02,2.300000000000000000e+02,9.832444326862743765e+03,4.587830210611359689e+02,2.618384867753942090e+05
8.000000000000000000e+03,-1.331578947368421098e+02,2.300000000000000000e+02,9.210325377620130894e+03,4.324564797288908267e+02,2.441599540840204281e+05
8.000000000000000000e+03,-1.089473684210526301e+02,2.300000000000000000e+02,8.446317517870047595e+03,4.042363791466257226e+02,2.227149583497791027e+05
8.000000000000000000e+03,-8.473684210526317884e+01,2.300000000000000000e+02,7.715321450819828897e+03,3.744136786908256340e+02,1.980867898677871854e+05
8.000000000000000000e+03,-6.052631578947369917e+01,2.300000000000000000e+02,7.064147825613279565e+03,3.435865677084983645e+02,1.712940456333503826e+05
8.000000000000000000e+03,-3.631578947368421950e+01,2.300000000000000000e+02,6.334253977374627539e+03,3.122332036153488275e+02,1.434844368910129706e+05
8.000000000000000000e+03,-1.210526315789473983e+01,2.300000000000000000e+02,5.656921319750253133e+03,2.805614175572303566e+02,1.158641958906612708e+05
8.000000000000000000e+03,1.210526315789473983e+01,2.300000000000000000e+02,4.987031241858599060e+03,2.491891630750976674e+02,9.015368387729352980e+04
8.000000000000000000e+03,3.631578947368421950e+01,2.300000000000000000e+02,4.184710886211141769e+03,2.185771160439130654e+02,6.816794726464354608e+04
8.000000000000000000e+03,6.052631578947364233e+01,2.300000000000000000e+02,3.477362216527996679e+03,1.889486097177169768e+02,5.209244487196119007e+04
8.000000000000000000e+03,8.473684210526312199e+01,2.300000000000000000e+02,2.849268002092866936e+03,1.607740028795477372e+02,4.435122682679878199e+04
8.000000000000000000e+03,1.089473684210526017e+02,2.300000000000000000e+02,2.199825562758713204e+03,1.343497759731251904e+02,4.476853858111538284e+04
8.000000000000000000e+03,1.331578947368420813e+02,2.300000000000000000e+02,1.612387240603118471e+03,1.096027664799986212e+02,4.933565081582189305e+04
8.000000000000000000e+03,1.573684210526315610e+02,2.300000000000000000e+02,1.045030103799576182e+03,8.651742388728823130e+01,5.423132179691274359e+04
8.000000000000000000e+03,1.815789473684210407e+02,2.300000000000000000e+02,6.855361397742314011e+02,6.547478063758789801e+01,5.789165220411509654e+04
8.000000000000000000e+03,2.057894736842105203e+02,2.300000000000000000e+02,3.790899438000919304e+02,4.743377838581469064e+01,6.021660877909606643e+04
8.000000000000000000e+03,2.300000000000000000e+02,2.300000000000000000e+02,3.612302533587848075e+02,3.452615685334003359e+01,6.283842184154361166e+04
